Musicians -> Buskers
Musicians -> Musical_performers
Musicians -> Session_musicians
Musical_instruments -> Marching_band_instruments
Musical_instruments -> String_instruments
Musical_instruments -> Keyboard_instruments
Jazz_fusion_albums -> Pat_Metheny_albums
Jazz_fusion_albums -> Liquid_Tension_Experiment_albums
Jazz_fusion_albums -> Return_to_Forever_albums
Scottish_musicians -> Scottish_buskers
Scottish_musicians -> Scottish_songwriters
Female_guitarists -> Bermudian_female_guitarists
Radio_and_television_announcers -> Game_show_announcers
Radio_and_television_announcers -> Radio_presenters
Radio_and_television_announcers -> Television_presenters
Seasons -> Sports_seasons
Seasons -> Seasonal_traditions
Music_organizations -> Musical_advocacy_groups
Music_organizations -> Musical_groups
Music_genres -> Opera_genres
Music_genres -> Origins_of_music_genres
Dance_moves -> Swing_dance_moves
Dance_moves -> Waltz_dance_moves
Dance_moves -> Breakdance_moves
British_musical_groups -> Scottish_musical_groups
Musical_groups -> Jewish_musical_groups
Musical_groups -> Korean_musical_groups
Music_venues -> Nightclubs
Music_venues -> Opera_houses
Albums -> Redirects_from_albums
Albums -> Unreleased_albums
Albums -> Debut_albums
Psychobilly_albums -> Reverend_Horton_Heat_albums
Audio_equipment_manufacturers -> Phonograph_manufacturers
Audio_equipment_manufacturers -> Compact_Disc_player_manufacturers
Audio_equipment_manufacturers -> Philips
Talent_and_literary_agencies -> Literary_agents
Talent_and_literary_agencies -> Sports_agents
Pop_songs -> Pop_standards
Pop_songs -> Shakira_songs
Pop_songs -> Ruslana_songs
Dance_musicians -> Dance_musical_groups
Waves -> Wave_mechanics
Waves -> Waves_in_plasmas
Waves -> Water_waves
Canadian_styles_of_music -> Canadian_blues
Composers -> Ancient_music_composers
Composers -> Women_composers
Composers -> Jewish_composers_and_songwriters
New_Zealand_musicians -> New_Zealand_songwriters
Music_publishing_companies -> Record_labels
Classical_musicians -> Baroque_musicians
Music_videos -> Music_video_networks
Music_videos -> Music_video_directors
Music_venues_in_the_United_States -> Nightclubs_in_the_United_States
Psychedelic_rock_albums -> Jimi_Hendrix_albums
Psychedelic_rock_albums -> The_Animals_albums
Psychedelic_rock_albums -> Babasónicos_albums
Keyboard_instruments -> Electric_and_electronic_keyboard_instruments
Keyboard_instruments -> Keyboardists
Japanese_record_charts -> Number-one_singles_in_Japan
Radio_stations -> Fictional_radio_stations
Radio_stations -> Radio_stations_in_the_Caribbean
American_record_labels -> Psychopathic_Records
American_record_labels -> Kill_Rock_Stars
Days -> Days_of_the_week
Days -> Holidays
Days -> Observances
Woodwind_instruments -> Saxophones
Woodwind_instruments -> Flutes
Woodwind_instruments -> Oboes
Jazz_musicians -> Jazz_singers
Jazz_musicians -> Jazz_bandleaders
Jazz_musicians -> Jazz_songwriters
Music_equipment_manufacturers -> Guitar_amplifier_manufacturers
Music_equipment_manufacturers -> Yamaha_music_products
Mexican_musicians -> Mexican_singers
Mexican_musicians -> Mexican_songwriters
Jewish_composers_and_songwriters -> Jewish_songwriters
Musical_forms -> Song_forms
Folk_music_groups -> Neofolk_music_groups
Folk_music_groups -> Folk_rock_groups
Folk_music_groups -> Nordic_folk_musical_groups
Senegalese_musicians -> Senegalese_singers
Norwegian_musicians -> Norwegian_songwriters
Musicologists -> Ethnomusicologists
Musical_theatre_actors -> Venezuelan_musical_theatre_actors
Musical_theatre_actors -> French_musical_theatre_actors
Musical_theatre_actors -> Spanish_musical_theatre_actors
Swing_dance_moves -> West_Coast_Swing_dance_moves
Blues_music_genres -> Punk_blues
Child_musicians -> American_child_musicians
Child_musicians -> Child_singers
Tony_Awards -> Tony_Award_winners
Musicals -> Musical_films
Musicals -> Off-Broadway_musicals
Musicals -> Broadway_musicals
Electronic_musicians -> Electronic_music_groups
Song_forms -> Ballads
Brazilian_musical_groups -> Brazilian_hip_hop_groups
Chinese_pianists -> Chinese_classical_pianists
Rock_musicians -> Rock_music_groups
Rock_musicians -> Rock_songwriters
Techno_albums -> The_Grid_albums
Techno_albums -> Orbital_albums
Techno_albums -> Richie_Hawtin_albums
Hip_hop_record_labels -> Quannum_Projects
Hip_hop_record_labels -> Australian_hip_hop_record_labels
Music_television_series -> Musical_game_shows
Bluegrass_songs -> Bluegrass_recordings
Drums -> Hand_drums
Drums -> Tubular_drums
Progressive_rock_albums -> Art_rock_albums
Music_books -> Music_sources
American_pianists -> American_pop_pianists
American_pianists -> American_rock_pianists
American_pianists -> American_jazz_pianists
MTV_Networks -> MTV_Movie_Awards
MTV_Networks -> Nicktoons
MTV_Networks -> MTV_television_series
Hip_hop_musicians -> Slam_poets
Hip_hop_musicians -> Rappers
Hip_hop_musicians -> Hip_hop_singers
Classical_music_groups -> Orchestras
Classical_music_groups -> Wind_bands
Classical_music_groups -> Contemporary_classical_music_ensembles
Rhythm_and_blues_songs -> Bobby_Womack_songs
Rhythm_and_blues_songs -> Diana_Ross_songs
Rhythm_and_blues_songs -> Stevie_Wonder_songs
Pop_music_groups -> Belgian_pop_groups
Pop_music_groups -> American_pop_music_groups
Pop_music_groups -> Canadian_pop_music_groups
American_musicians -> LGBT_musicians_from_the_United_States
American_musicians -> American_songwriters
American_musicians -> American_bandleaders
Musical_performance_techniques -> Articulations
Musical_performance_techniques -> Extended_techniques
Musical_performance_techniques -> Percussion_performance_techniques
Banjoists -> Jazz_banjoists
Canadian_musicians -> LGBT_musicians_from_Canada
Canadian_musicians -> Canadian_songwriters
American_songs -> Marilyn_Monroe_songs
American_songs -> Josh_Groban_songs
American_songs -> Kim_Carnes_songs
Community_radio_stations -> Community_radio_stations_in_Australia
British_hip_hop_musicians -> British_rappers
Experimental_musicians -> Experimental_composers
Nickelodeon_shows -> Nickelodeon_Kids'_Choice_Awards
Nickelodeon_shows -> Nickelodeon_game_shows
Nickelodeon_shows -> Nick_Jr._shows
Compositions_for_piano -> Compositions_for_piano_quintet
Compositions_for_piano -> Solo_piano_pieces
Compositions_for_piano -> Compositions_for_piano_four-hands
Jazz_record_labels -> Verve_Music_Group_labels
Jazz_songs -> Katie_Melua_songs
Gospel_musicians -> Gospel_singers
Stoner_rock_albums -> Monster_Magnet_albums
Stoner_rock_albums -> Electric_Wizard_albums
Stoner_rock_albums -> Solace_albums
Disney_animated_features_canon -> Characters_in_the_Disney_animated_features_canon
Disney_animated_features_canon -> Walt_Disney_movie_posters
DJs -> Club_DJs
DJs -> Mixtape_DJs
Indian_musical_instruments -> Carnatic_music_instruments
Indian_musical_instruments -> Hindustani_musical_instruments
Musical_theatre_characters -> Characters_in_The_Phantom_of_the_Opera
Musical_theatre_characters -> The_Lion_King_characters
Polish_composers -> Polish_film_score_composers
New_Zealand_hip_hop_musicians -> New_Zealand_rappers
Elektra_Records_albums -> Sire_Records_albums
Radio_stations_in_Canada -> Radio_stations_in_Ontario
Radio_stations_in_Canada -> Radio_stations_in_New_Brunswick
Radio_stations_in_Canada -> Radio_stations_in_Alberta
Classical_composers -> American_film_score_composers
Classical_composers -> Romantic_composers
Classical_composers -> Baroque_composers
Danish_musical_groups -> Danish_orchestras
Irish_musicians -> Irish_songwriters
Funk_musicians -> Funk_musical_groups
Folk_rock_groups -> Canadian_folk_rock_groups
British_record_charts -> Number-one_singles_in_the_United_Kingdom
Chadic_languages -> West_Chadic_languages
Chadic_languages -> Biu-Mandara_languages
Chadic_languages -> East_Chadic_languages
Greek_classical_musicians -> Greek_opera_singers
English_musicians -> English_songwriters
Death_metal_albums -> Asphyx_albums
Death_metal_albums -> Deathgrind_albums
Death_metal_albums -> Napalm_Death_albums
Defunct_radio_stations -> Defunct_radio_stations_in_Canada
Defunct_radio_stations -> Defunct_radio_stations_in_the_United_States
Defunct_radio_stations -> Defunct_radio_stations_in_the_United_Kingdom
Aerophones -> Organs_(music)
Aerophones -> Free_aerophones
American_drummers -> American_rock_drummers
Alternative_metal_albums -> Therapy?_albums
Alternative_metal_albums -> Otep_albums
Alternative_metal_albums -> Sepultura_albums
Argentine_rock_music_groups -> Argentine_heavy_metal_musical_groups
Nigerian_musicians -> Nigerian_songwriters